カクレンジャーは何戦隊？,にんじゃ
大山脈を形成した地域です,ぞうざんたい
アニメ「○のトリトン」,うみ
「ドラゴンクエスト１」のボス,りゅうおう
テニスの大会「○○オープン」,ぜんえい
ヴェルディユース出身の生え抜き,ねじめしんご
スペイン人ＤＦ「ミチェル・？」,サルガド
エールディビジの強豪,アヤックス
カヤックレーシングのゲーム,ばくりゅう
２００７年世界陸上開催地,おおさか
４２．１９５キロを走ります,マラソン
ホームランを漢字で書くと,ほんるいだ
長州対大仁田「○○○○マッチ」,でんりゅうばくは
西村修といえば？,むが
東京競馬場があるのは,ふちゅうし
脅威の左「ロベルト・○○○○」,カルロス
アニメ「ピぽらペポら」に登場,メイシー
アニメ「○○○○ボトムズ」,そうこうきへい
特撮「○○戦隊オーレンジャー」,ちょうりき
ダイヤ・スペードなどといえば,えがら
音程が半音よりも狭い音のこと,びぶんおん
シューベルトの交響曲です,みかんせい
西武ライオンズの歴代監督,ひろおかたつろう
佐々木主浩投手の愛称といえば？,だいまじん
2003年日本シリーズ優秀選手賞,いぐちただひと
ほめて与える品物や金銭です,ほうび
アムロが暮らした「サイド○」,７
ドラマ「リモート」の主役,ふかだきょうこ
別れ際の心残りです,なごり
実としてドングリをつけます,かし
夏の季語です,セミ
もはや○○ではない「経済白書」,せんご
漫画「ダッシュ○○」,かっぺい
漢詩の種類です,ぜっく
映画「○○という名の電車」,よくぼう
料理が美味で知られています,トルコ
首都は倫敦です,イギリス
アニメ「フリクリ」の舞台の街,まばせし
無人島が舞台のＰＳソフト,ひょうりゅうき
監督デビュー作は刑事役でした,きたのたけし
ＳＨＡＺＮＡのボーカルです,イザム
「北の宿から」、「ＵＦＯ」,あくゆう
スメタナの交響詩「わが○○」,そこく
2003年紅白歌合戦初出場です,くらきまい
サザエさんの名字はこれではない,いその
11月15日は何の日？,しちごさん
震源の真上にあたる地点,しんおう
福山雅治主演ドラマ「美女か？」,やじゅう
「フォレストガンプ　○○○○」,いちごいちえ
映画「００７／？を持つ男」？,おうごんじゅう
童謡です。「我は海の子○○の」,しらなみ
将棋で飛車が成ると何になる？,りゅう
アニメ「○○のナージャ」,あした
木原敏江の漫画「○○と新吾」,まり
アニメ「ルパン○○」,さんせい
漫画「おたんこナース」の原案,こばやしみつえ
堀内三佳の漫画「○すごろく」,おっと
甘酢に漬けたショウガのこと,がり
耳の奥で振動します。,こまく
山手線で秋葉原駅の隣駅です,おかちまち
鼻が長く、空を飛びます,てんぐ
小麦粉の団子が入った汁物です,すいとん
上毛三名湯の一つです,しま
テニスの大会「○○オープン」,ぜんえい
野球のＤＨを日本語でいうと？,しめいだしゃ
ボクサーの練習「○○打ち」,ミット
ヒクソンは「？戦無敗の男」,４００
エアロビクスは＝「○○○運動」,ゆうさんそ
女子プロ「ダイナマイト・？」,かんさい
開祖は植芝盛平翁、和の武道,あいきどう
５カウントまでならOKです,はんそく
ハロゲン元素の一つ,ふっそ
ドラマ「やっぱり？が好き」,ねこ
結婚式には欠かせません,ゆびわ
縫製方式。ドレメ式と○○式,ぶんか
ブルース歌手の「？ジョージ」,やなぎ
「風のエオリア」でブレイク,とくながひであき
竹中直人主演「ライオン？」,せんせい
カードゲームで中心となるのは,おや
トランプのハートとはこれです,しんぞう
フルムーンに変身する少女,こうやまみつき
ＰＳ２「零～紅い蝶」に登場,ぜったいれい
「AKIRA」の金田達の溜まり場,はるきや
ポーカーで重要なものです,てふだ
翼くんが転校した「○○小」,なんかつ
将棋の駒のひとつ。駒を飛び越せます,けいま
ＰＳの対戦格闘「○○闘技」,げんえい
「ドラゴンクエスト１」のボス,りゅうおう
冨樫義博の漫画「○○○Ｅ」,レベル
漫画「金田一少年の○○○」,じけんぼ
高速機動用ＡＲＭＳを足にもつ,ともえたけし
パスポートのことです,りょけん
から煎りして熱々を食べます,ぎんなん
県の木はクロマツです,ぐんま
ボクシングのラウンド開始の合図,ゴング
バレーボール「○○レシーブ」,かいてん
ボクシングの階級のひとつ,ミドル
アニメ「グランダー○○」？,むさし
ＦＣ「○○○ＶＳスパイ」,スパイ
東本昌平のバイク漫画です,キリン
月刊少年ジャンプ連載漫画です,キルト
漫画「ゆうひが丘の？」,そうりだいじん
まる子の祖父「さくら○○」,ともぞう
懐かしのアニメ「○○セディ」,しょうこうし
プロレス界では王者の象徴,ベルト
シンボリルドルフの俗称といえば,こうてい
「プラレス３四郎」プラレスラー,じゅうおうまる
犬夜叉を封印した人物は？,ききょう
石ノ森章太郎の作品,ホテル
星矢たち聖闘士がまとうものは？,クロス
飛行石を持つ女の子,シータ
ドム三体の「黒い○○○」,さんれんせい
アニメ「銀河鉄道○○○」,スリーナイン
お正月によく遊びます,すごろく
ラーゼフォンに乗り込みます,かみなあやと
アニメ「サクラ大戦」の舞台,たいしょう
ピエール瀧製作のアニメ,メカノ
携帯用ゲームには必需品です,かんでんち
東京都鷲神社のお祭りです,とりのいち
生体における老化現象,ろうすい
「赤電」といえば何のこと？,しゅうでん
地方自治体に納める税金のこと,ちほうぜい
マルクスとエンゲルス「？宣言」,きょうさんとう
小口の貨物運送です,たくはいびん
カンガルーはこれです,ゆうたいるい
コナンの居候先の蘭の父親,こごろう
ペルシャの良き相談相手,シンバ
ジェニーの友達のひとり,ナオミ
武人杯格闘選手権を主催,しんぶかん
藤原為時の娘　源氏物語の著者,むらさきしきぶ
DNAを構成するA,G
太陽が見えなくなります,にっしょく
漢字では国名をこう書きます,ロシア
,シューベルトの交響曲・未完成,みかんせい
,チューヤンのコンビ、「朋友」,パンヤオ
将棋で歩がなると？,と
将棋で銀が移動できるマスは何マス?,５
のび太の誕生日は何月何日でしょう？,８月７日
将棋で金が移動できるマスは何マス?,６
GitHubのマスコットキャラクター,オクトキャット
四国地方は、香川、愛媛、高知、あとひとつは?,とくしま
ドラミちゃんが好きな食べ物,メロンパン
ガチャピンは◯◯のこども,きょうりゅう
ムックは◯◯のこども,ゆきおとこ
タラちゃんの苗字,ふぐた
のび太の先生の名前は何でしょう？,えいいちろう
水上でボードに乗って、ボートで引っ張るスポーツは？「◯◯ボード」,ウェイク
長崎県の離島・壱岐で発祥した焼酎は「◯焼酎」,むぎ
山手線の田町駅と新橋駅の間は◯◯駅,はままつちょう
山手線の浜松町駅と有楽町駅の間は◯◯駅,しんばし
山手線の新橋駅と東京駅の間は◯◯駅,ゆうらくちょう
山手線の有楽町駅と神田駅の間は◯◯駅,とうきょう
山手線の東京駅と秋葉原駅の間は◯◯駅,かんだ
MFの前田がバイクマンガで1番に思いつく漫画といえば？,特攻の拓
カナダの首都は？,オタワ
カナダの主にケベックで話されるフランス語のことをなんというか,ケベコワ
赤毛のアンの舞台となる島の名前は？プリンスエドワードアイランド
